{"multiLSTM":{"TEST":{"RMSE":2364.2724843671,"MSE":5589784.3803352397,"MAE":2197.774627959,"EV":0.9961027405,"R2":0.9732065103,"MGD":0.0037366463,"MPD":130.6356089819},"TRAIN":{"RMSE":555.2108460534,"MSE":308259.0835753588,"MAE":437.606242244,"EV":0.9776019397,"R2":0.9745222898,"MGD":0.0384700224,"MPD":58.6878674776}}}