{"rollingARIMA":{"TEST":{"RMSE":1634.1878667172,"MSE":2670569.9837258332,"MAE":1192.0960902883,"EV":0.9559378761,"R2":0.9558552758,"MGD":0.001183949,"MPD":55.5234262139},"TRAIN":{"RMSE":null,"MSE":null,"MAE":null,"EV":null,"R2":null,"MGD":null,"MPD":null}}}