{"uniLSTM":{"TEST":{"RMSE":1678.7869418789,"MSE":2818325.5962230172,"MAE":1253.5999067164,"EV":0.9615725616,"R2":0.9615300425,"MGD":0.001443333,"MPD":62.5388383469},"TRAIN":{"RMSE":1240.4999005443,"MSE":1538840.0032503558,"MAE":687.7405748101,"EV":0.9952386116,"R2":0.9952268477,"MGD":0.0029981221,"MPD":47.7174388529}}}