{"XGBoost":{"TEST":{"RMSE":2675.7734393508,"MSE":7159763.4987354567,"MAE":2081.962604944,"EV":0.9026252512,"R2":0.902269703,"MGD":0.0036361723,"MPD":159.0467925198},"TRAIN":{"RMSE":270.6630282594,"MSE":73258.4748665598,"MAE":194.3230855873,"EV":0.9997727679,"R2":0.9997727679,"MGD":0.0003709209,"MPD":4.3159276363}}}